Position,Const,Created,Modified,Description,Title,Original Title,URL,Title Type,IMDb Rating,Runtime (mins),Year,Genres,Num Votes,Release Date,Directors,Your Rating,Date Rated
1,tt0095765,2013-08-20,2013-08-20,,"Cinema Paradiso","Nuovo Cinema Paradiso",https://www.imdb.com/title/tt0095765/,Movie,8.5,174,1988,"Drama, Romance",316248,1990-02-23,"Giuseppe Tornatore",,
2,tt2433448,2013-10-06,2013-10-06,,"Best Kept Secret","Best Kept Secret",https://www.imdb.com/title/tt2433448/,Movie,7.4,85,2013,"Documentary, Drama",361,2013-05-04,"Samantha Buck",,
3,tt0363163,2013-10-16,2013-10-16,,"Downfall","Der Untergang",https://www.imdb.com/title/tt0363163/,Movie,8.2,156,2004,"Biography, Drama, History, War",399281,2005-04-08,"Oliver Hirschbiegel",,
4,tt0059742,2014-07-06,2014-07-06,,"The Sound of Music","The Sound of Music",https://www.imdb.com/title/tt0059742/,Movie,8.1,174,1965,"Biography, Drama, Family, Musical, Romance",290315,1965-04-01,"Robert Wise",,
5,tt0075860,2014-07-06,2014-07-06,,"Close Encounters of the Third Kind","Close Encounters of the Third Kind",https://www.imdb.com/title/tt0075860/,Movie,7.6,138,1977,"Drama, Sci-Fi",232343,1977-12-14,"Steven Spielberg",,
6,tt2333804,2014-08-25,2014-08-25,,"The Zero Theorem","The Zero Theorem",https://www.imdb.com/title/tt2333804/,Movie,6.0,107,2013,"Comedy, Drama, Fantasy, Mystery, Sci-Fi",51651,2014-08-19,"Terry Gilliam",,
7,tt0093389,2014-09-28,2014-09-28,,"The Last Emperor","The Last Emperor",https://www.imdb.com/title/tt0093389/,Movie,7.7,163,1987,"Biography, Drama, History",119168,1988-04-15,"Bernardo Bertolucci",,
8,tt0154420,2014-09-28,2014-09-28,,"The Celebration","Festen",https://www.imdb.com/title/tt0154420/,Movie,8.0,101,1998,"Drama",100541,1998-06-19,"Thomas Vinterberg",,
9,tt2576852,2014-10-19,2014-10-19,,"The Tale of The Princess Kaguya","Kaguya-hime no monogatari",https://www.imdb.com/title/tt2576852/,Movie,8.0,137,2013,"Animation, Drama, Family, Fantasy, Romance",61498,2013-11-23,"Isao Takahata",,
10,tt0110057,2015-02-05,2015-02-05,,"Hoop Dreams","Hoop Dreams",https://www.imdb.com/title/tt0110057/,Movie,8.3,170,1994,"Documentary, Drama, Sport",29488,1994-10-14,"Steve James",,
11,tt3204392,2015-02-05,2015-02-05,,"The Kingdom of Dreams and Madness","Yume to kyôki no ôkoku",https://www.imdb.com/title/tt3204392/,Movie,7.7,118,2013,"Documentary",5961,2013-11-16,"Mami Sunada",,
12,tt0076578,2015-05-03,2015-05-03,,"Pumping Iron","Pumping Iron",https://www.imdb.com/title/tt0076578/,Movie,7.3,86,1977,"Documentary, Sport",26594,1977-06-23,"George Butler, Robert Fiore",,
13,tt0181865,2015-05-16,2015-05-16,,"Traffic","Traffic",https://www.imdb.com/title/tt0181865/,Movie,7.5,147,2000,"Crime, Drama, Thriller",229995,2001-01-05,"Steven Soderbergh",,
14,tt0129893,2015-07-27,2015-07-27,,"Déjà mort","Déjà mort",https://www.imdb.com/title/tt0129893/,Movie,5.7,108,1998,"Crime, Drama",797,1998-04-22,"Olivier Dahan",,
15,tt2273657,2015-08-05,2015-08-05,,"True Story","True Story",https://www.imdb.com/title/tt2273657/,Movie,6.3,99,2015,"Biography, Crime, Drama, History, Mystery",75729,2015-04-17,"Rupert Goold",,
16,tt1839578,2015-08-07,2015-08-07,,"Person of Interest","Person of Interest",https://www.imdb.com/title/tt1839578/,TV Series,8.5,43,2011,"Action, Crime, Drama, Mystery, Sci-Fi, Thriller",205442,2011-09-22,,,
17,tt0091763,2015-09-23,2015-09-23,,"Platoon","Platoon",https://www.imdb.com/title/tt0091763/,Movie,8.1,120,1986,"Drama, War",471347,1986-12-19,"Oliver Stone",,
18,tt0286486,2015-09-23,2015-09-23,,"The Shield","The Shield",https://www.imdb.com/title/tt0286486/,TV Series,8.7,45,2002,"Crime, Drama, Thriller",97128,2002-03-12,,,
19,tt3205376,2015-11-05,2015-11-05,,"Slow West","Slow West",https://www.imdb.com/title/tt3205376/,Movie,6.9,84,2015,"Adventure, Drama, Romance, Thriller, Western",49958,2015-04-16,"John Maclean",,
20,tt3530002,2015-11-29,2015-11-29,,"The Night Before","The Night Before",https://www.imdb.com/title/tt3530002/,Movie,6.4,101,2015,"Comedy, Fantasy",90172,2015-11-20,"Jonathan Levine",,
21,tt0247586,2015-12-30,2015-12-30,,"Nine Queens","Nueve reinas",https://www.imdb.com/title/tt0247586/,Movie,7.9,114,2000,"Crime, Drama, Thriller",62442,2000-08-31,"Fabián Bielinsky",,
22,tt0196216,2016-04-16,2016-04-16,,"Small Time Crooks","Small Time Crooks",https://www.imdb.com/title/tt0196216/,Movie,6.7,94,2000,"Comedy, Crime",42582,2000-05-19,"Woody Allen",,
23,tt0076085,2017-04-13,2017-04-13,,"A Special Day","Una giornata particolare",https://www.imdb.com/title/tt0076085/,Movie,8.1,103,1977,"Drama",18417,1977-10,"Ettore Scola",,
24,tt0787475,2018-01-13,2018-01-13,,"Hot Rod","Hot Rod",https://www.imdb.com/title/tt0787475/,Movie,6.7,88,2007,"Comedy, Sport",98944,2007-08-03,"Akiva Schaffer",,
25,tt5362988,2018-04-29,2018-04-29,,"Wind River","Wind River",https://www.imdb.com/title/tt5362988/,Movie,7.7,107,2017,"Crime, Drama, Mystery, Thriller, Western",313306,2017-08-18,"Taylor Sheridan",,
26,tt5114984,2018-08-23,2018-08-23,,"Team Spirit","L'outsider",https://www.imdb.com/title/tt5114984/,Movie,6.7,117,2016,"Biography, Drama, Thriller",1631,2016-06-22,"Christophe Barratier",,
27,tt0088258,2018-08-30,2018-08-30,,"This Is Spinal Tap","This Is Spinal Tap",https://www.imdb.com/title/tt0088258/,Movie,7.9,82,1984,"Comedy, Music",160597,1984-03-02,"Rob Reiner",,
28,tt5764096,2018-08-30,2018-08-30,,"Hindi Medium","Hindi Medium",https://www.imdb.com/title/tt5764096/,Movie,7.9,132,2017,"Comedy, Drama",35809,2017-05-19,"Saket Chaudhary, Kumar Pawan",,
29,tt4221060,2018-09-05,2018-09-05,,"Beneath the Helmet","Beneath the Helmet",https://www.imdb.com/title/tt4221060/,Movie,8.3,80,2014,"Documentary, Action, Biography, Drama",108,2014-10-28,"Wayne Kopping",,
30,tt2361317,2018-09-06,2018-09-06,,"Live by Night","Live by Night",https://www.imdb.com/title/tt2361317/,Movie,6.4,129,2016,"Action, Crime, Drama, Thriller",62199,2017-01-13,"Ben Affleck",,
31,tt6823890,2018-09-09,2018-09-09,,"Kaiser: The Greatest Footballer Never to Play Football","Kaiser: The Greatest Footballer Never to Play Football",https://www.imdb.com/title/tt6823890/,Movie,7.0,97,2018,"Documentary, Biography, Sport",677,2018-04-21,"Louis Myles",,
32,tt6217608,2018-10-29,2018-10-29,,"The Rider","The Rider",https://www.imdb.com/title/tt6217608/,Movie,7.4,104,2017,"Drama, Western",22051,2018-04-13,"Chloé Zhao",,
33,tt7664504,2018-10-29,2018-10-29,,"Three Identical Strangers","Three Identical Strangers",https://www.imdb.com/title/tt7664504/,Movie,7.6,96,2018,"Documentary, Biography, Drama, History, Mystery",44864,2018-11-30,"Tim Wardle",,
34,tt7555774,2018-10-30,2018-10-30,,"At War","En guerre",https://www.imdb.com/title/tt7555774/,Movie,7.0,113,2018,"Drama",2456,2019-07-19,"Stéphane Brizé",,
35,tt5974388,2018-11-05,2018-11-05,,"In Between","Bar Bahar",https://www.imdb.com/title/tt5974388/,Movie,7.3,103,2016,"Drama",3253,2017-01-05,"Maysaloun Hamoud",,
36,tt1355642,2018-12-03,2018-12-03,,"Fullmetal Alchemist: Brotherhood","Hagane no renkinjutsushi",https://www.imdb.com/title/tt1355642/,TV Series,9.1,24,2009,"Animation, Action, Adventure, Comedy, Drama, Fantasy, Sci-Fi",245727,2009-04-09,,,
37,tt4216908,2019-02-10,2019-02-10,,"Courted","L'hermine",https://www.imdb.com/title/tt4216908/,Movie,6.6,98,2015,"Comedy, Crime, Drama, Romance",2532,2015-11-18,"Christian Vincent",,
38,tt8267604,2019-03-10,2019-03-10,,"Capernaum","Capharnaüm",https://www.imdb.com/title/tt8267604/,Movie,8.4,126,2018,"Drama",123412,2018-09-20,"Nadine Labaki",,
39,tt7882250,2019-03-16,2019-03-16,,"New Biz in the Hood","Jusqu'ici tout va bien",https://www.imdb.com/title/tt7882250/,Movie,5.9,90,2019,"Comedy",1546,2019-02-27,"Mohamed Hamidi",,
40,tt0120762,2019-03-24,2019-03-24,,"Mulan","Mulan",https://www.imdb.com/title/tt0120762/,Movie,7.7,87,1998,"Animation, Adventure, Comedy, Family, Fantasy, Musical, War",344531,1998-06-19,"Tony Bancroft, Barry Cook",,
41,tt8075192,2019-05-19,2019-05-19,,"Shoplifters","Manbiki kazoku",https://www.imdb.com/title/tt8075192/,Movie,7.9,121,2018,"Crime, Drama, Thriller",94742,2018-11-23,"Hirokazu Koreeda",,
42,tt0276919,2019-05-19,2019-05-19,,"Dogville","Dogville",https://www.imdb.com/title/tt0276919/,Movie,8.0,171,2003,"Crime, Drama",168157,2004-04-23,"Lars von Trier",,
43,tt7349662,2019-05-21,2019-05-21,,"BlacKkKlansman","BlacKkKlansman",https://www.imdb.com/title/tt7349662/,Movie,7.5,135,2018,"Biography, Comedy, Crime, Drama",313528,2018-08-10,"Spike Lee",,
44,tt1527186,2019-06-03,2019-06-03,,"Melancholia","Melancholia",https://www.imdb.com/title/tt1527186/,Movie,7.1,135,2011,"Drama, Sci-Fi",207605,2011-05-26,"Lars von Trier",,
45,tt10090796,2019-06-03,2019-06-03,,"Game of Thrones: The Last Watch","Game of Thrones: The Last Watch",https://www.imdb.com/title/tt10090796/,TV Movie,7.1,114,2019,"Documentary",6975,2019-05-26,"Jeanie Finlay",,
46,tt7984734,2019-06-03,2019-06-03,,"The Lighthouse","The Lighthouse",https://www.imdb.com/title/tt7984734/,Movie,7.4,109,2019,"Drama, Fantasy, Horror, Mystery, Thriller",300175,2019-11-01,"Robert Eggers",,
47,tt2935510,2019-06-06,2019-06-06,,"Ad Astra","Ad Astra",https://www.imdb.com/title/tt2935510/,Movie,6.5,123,2019,"Adventure, Drama, Mystery, Sci-Fi, Thriller",279626,2019-09-20,"James Gray",,
48,tt0494222,2019-06-10,2019-06-10,,"Eagle vs Shark","Eagle vs Shark",https://www.imdb.com/title/tt0494222/,Movie,6.7,88,2007,"Comedy, Romance",27535,2007-08-30,"Taika Waititi",,
49,tt3170832,2019-06-10,2019-06-10,,"Room","Room",https://www.imdb.com/title/tt3170832/,Movie,8.1,118,2015,"Drama, Thriller",478923,2016-01-22,"Lenny Abrahamson",,
50,tt5074352,2019-06-16,2019-06-16,,"Dangal","Dangal",https://www.imdb.com/title/tt5074352/,Movie,8.3,161,2016,"Action, Biography, Drama, Sport",241339,2016-12-21,"Nitesh Tiwari",,
51,tt0113133,2019-06-28,2019-06-28,,"Funny Bones","Funny Bones",https://www.imdb.com/title/tt0113133/,Movie,6.7,128,1995,"Comedy, Drama",4056,1995-03-31,"Peter Chelsom",,
52,tt4400058,2019-07-14,2019-07-14,,"Babysitting 2","Babysitting 2",https://www.imdb.com/title/tt4400058/,Movie,6.4,93,2015,"Comedy",8420,2015-12-02,"Nicolas Benamou, Philippe Lacheau",,
53,tt8806524,2019-07-21,2019-07-21,,"Star Trek: Picard","Star Trek: Picard",https://www.imdb.com/title/tt8806524/,TV Series,7.5,46,2020,"Action, Adventure, Drama, Sci-Fi",101204,2020-01-23,,,
54,tt0050825,2019-07-28,2019-07-28,,"Paths of Glory","Paths of Glory",https://www.imdb.com/title/tt0050825/,Movie,8.4,88,1957,"Drama, War",237982,1957-12-25,"Stanley Kubrick",,
55,tt0118849,2019-07-28,2019-07-28,,"Children of Heaven","Bacheha-ye aseman",https://www.imdb.com/title/tt0118849/,Movie,8.2,89,1997,"Drama, Family, Sport",89573,1999-01-22,"Majid Majidi",,
56,tt0053779,2019-07-28,2019-07-28,,"La Dolce Vita","La dolce vita",https://www.imdb.com/title/tt0053779/,Movie,8.0,174,1960,"Comedy, Drama",85601,1961-04-19,"Federico Fellini",,
57,tt2543472,2019-07-28,2019-07-28,,"Wonder","Wonder",https://www.imdb.com/title/tt2543472/,Movie,7.9,113,2017,"Drama, Family",195883,2017-11-17,"Stephen Chbosky",,
58,tt0108358,2019-08-30,2019-08-30,,"Tombstone","Tombstone",https://www.imdb.com/title/tt0108358/,Movie,7.8,130,1993,"Biography, Drama, History, Western",190799,1993-12-25,"George P. Cosmatos",,
59,tt0091167,2019-08-30,2019-08-30,,"Hannah and Her Sisters","Hannah and Her Sisters",https://www.imdb.com/title/tt0091167/,Movie,7.8,107,1986,"Comedy, Drama",81343,1986-03-14,"Woody Allen",,
60,tt0097123,2019-08-30,2019-08-30,,"Crimes and Misdemeanors","Crimes and Misdemeanors",https://www.imdb.com/title/tt0097123/,Movie,7.8,104,1989,"Comedy, Drama",63169,1989-11-03,"Woody Allen",,
61,tt0094155,2019-08-30,2019-08-30,,"Tin Men","Tin Men",https://www.imdb.com/title/tt0094155/,Movie,6.6,112,1987,"Comedy, Drama",10637,1987-03-13,"Barry Levinson",,
62,tt7282468,2019-09-05,2019-09-05,,"Burning","Beoning",https://www.imdb.com/title/tt7282468/,Movie,7.4,148,2018,"Drama, Mystery, Thriller",85353,2018-05-17,"Lee Chang-dong",,
63,tt2788716,2019-09-21,2019-09-21,,"Welcome to Me","Welcome to Me",https://www.imdb.com/title/tt2788716/,Movie,5.9,87,2014,"Comedy, Drama",20314,2015-05-01,"Shira Piven",,
64,tt9243946,2019-09-23,2019-09-23,,"El Camino","El Camino",https://www.imdb.com/title/tt9243946/,Movie,7.3,122,2019,"Crime, Drama, Thriller",340792,2019-10-11,"Vince Gilligan",,
65,tt4481414,2019-10-17,2019-10-17,,"Gifted","Gifted",https://www.imdb.com/title/tt4481414/,Movie,7.6,101,2017,"Drama",158064,2017-04-12,"Marc Webb",,
66,tt1340800,2019-12-24,2019-12-24,,"Tinker Tailor Soldier Spy","Tinker Tailor Soldier Spy",https://www.imdb.com/title/tt1340800/,Movie,7.0,127,2011,"Drama, Mystery, Thriller",225747,2012-01-06,"Tomas Alfredson",,
67,tt2492296,2019-12-26,2019-12-26,,"Show Me a Hero","Show Me a Hero",https://www.imdb.com/title/tt2492296/,TV Mini Series,7.9,60,2015,"Drama, History",12704,2015-08-16,,,
68,tt6394270,2020-01-04,2020-01-04,,"Bombshell","Bombshell",https://www.imdb.com/title/tt6394270/,Movie,6.8,109,2019,"Biography, Drama",135660,2019-12-20,"Jay Roach",,
69,tt0090863,2020-01-06,2020-01-06,,"The Color of Money","The Color of Money",https://www.imdb.com/title/tt0090863/,Movie,7.0,119,1986,"Drama, Sport",100927,1986-10-17,"Martin Scorsese",,
70,tt3281548,2020-01-13,2020-01-13,,"Little Women","Little Women",https://www.imdb.com/title/tt3281548/,Movie,7.8,135,2019,"Drama, Romance",282596,2019-12-25,"Greta Gerwig",,
71,tt3224458,2020-01-13,2020-01-13,,"A Beautiful Day in the Neighborhood","A Beautiful Day in the Neighborhood",https://www.imdb.com/title/tt3224458/,Movie,7.2,109,2019,"Biography, Drama, Family",93910,2019-11-22,"Marielle Heller",,
72,tt8291806,2020-01-13,2020-01-13,,"Pain and Glory","Dolor y gloria",https://www.imdb.com/title/tt8291806/,Movie,7.5,113,2019,"Drama",66937,2019-10-04,"Pedro Almodóvar",,
73,tt0468492,2020-02-16,2020-02-16,,"The Host","Goemool",https://www.imdb.com/title/tt0468492/,Movie,7.1,120,2006,"Drama, Horror, Sci-Fi",142569,2007-03-30,"Bong Joon Ho",,
74,tt5091538,2020-02-16,2020-02-16,,"Max & Leon","La folle histoire de Max et Léon",https://www.imdb.com/title/tt5091538/,Movie,6.2,98,2016,"Adventure, Comedy, War",3008,2016-11-01,"Jonathan Barré, Khaled Haffad",,
75,tt0071115,2020-03-08,2020-03-08,,"Alice Doesn't Live Here Anymore","Alice Doesn't Live Here Anymore",https://www.imdb.com/title/tt0071115/,Movie,7.3,112,1974,"Drama, Romance",29897,1975-05-23,"Martin Scorsese",,
76,tt0078338,2020-05-23,2020-05-23,,"Le sucre","Le sucre",https://www.imdb.com/title/tt0078338/,Movie,6.3,104,1978,"Comedy, Drama, Thriller",591,1978-11-15,"Jacques Rouffio",,
77,tt0191397,2020-05-23,2020-05-23,,"The Replacements","The Replacements",https://www.imdb.com/title/tt0191397/,Movie,6.6,118,2000,"Comedy, Sport",74254,2000-08-11,"Howard Deutch",,
78,tt9076562,2020-06-17,2020-06-17,,"Irresistible","Irresistible",https://www.imdb.com/title/tt9076562/,Movie,6.3,101,2020,"Comedy, Drama",24733,2020-06-26,"Jon Stewart",,
79,tt0111282,2020-07-13,2020-07-13,,"Stargate","Stargate",https://www.imdb.com/title/tt0111282/,Movie,7.0,121,1994,"Action, Adventure, Sci-Fi",218455,1994-10-28,"Roland Emmerich",,
80,tt0118929,2020-07-13,2020-07-13,,"Dark City","Dark City",https://www.imdb.com/title/tt0118929/,Movie,7.5,100,1998,"Fantasy, Mystery, Sci-Fi, Thriller",225553,1998-02-27,"Alex Proyas",,
81,tt0114558,2020-07-13,2020-07-13,,"Strange Days","Strange Days",https://www.imdb.com/title/tt0114558/,Movie,7.2,145,1995,"Crime, Drama, Sci-Fi, Thriller",84821,1995-10-13,"Kathryn Bigelow",,
82,tt3513548,2020-07-13,2020-07-13,,"Richard Jewell","Richard Jewell",https://www.imdb.com/title/tt3513548/,Movie,7.5,131,2019,"Biography, Crime, Drama",106192,2019-12-13,"Clint Eastwood",,
83,tt0477302,2020-08-13,2020-08-13,,"Extremely Loud & Incredibly Close","Extremely Loud & Incredibly Close",https://www.imdb.com/title/tt0477302/,Movie,6.9,129,2011,"Adventure, Drama, Mystery",107752,2012-01-20,"Stephen Daldry",,
84,tt4034228,2020-08-13,2020-08-13,,"Manchester by the Sea","Manchester by the Sea",https://www.imdb.com/title/tt4034228/,Movie,7.8,137,2016,"Drama",354586,2016-12-16,"Kenneth Lonergan",,
85,tt4555426,2020-08-13,2020-08-13,,"Darkest Hour","Darkest Hour",https://www.imdb.com/title/tt4555426/,Movie,7.4,125,2017,"Biography, Drama, History, War",242427,2017-12-22,"Joe Wright",,
86,tt0042192,2020-08-18,2020-08-18,,"All About Eve","All About Eve",https://www.imdb.com/title/tt0042192/,Movie,8.2,138,1950,"Drama",148772,1950-10-27,"Joseph L. Mankiewicz",,
87,tt5536736,2020-08-30,2020-08-30,,"The Meyerowitz Stories","The Meyerowitz Stories (New and Selected)",https://www.imdb.com/title/tt5536736/,Movie,6.9,112,2017,"Comedy, Drama",56632,2017-10-13,"Noah Baumbach",,
88,tt7939766,2020-09-02,2020-09-02,,"I'm Thinking of Ending Things","I'm Thinking of Ending Things",https://www.imdb.com/title/tt7939766/,Movie,6.5,134,2020,"Drama, Thriller",109628,2020-09-04,"Charlie Kaufman",,
89,tt0101414,2020-10-04,2020-10-04,,"Beauty and the Beast","Beauty and the Beast",https://www.imdb.com/title/tt0101414/,Movie,8.0,84,1991,"Animation, Family, Fantasy, Musical, Romance",504037,1991-11-22,"Gary Trousdale, Kirk Wise",,
90,tt0476735,2020-10-04,2020-10-04,,"My Father and My Son","Babam ve Oglum",https://www.imdb.com/title/tt0476735/,Movie,8.2,112,2005,"Drama, Family",100446,2005-11-18,"Çagan Irmak",,
91,tt1489889,2020-10-23,2020-10-23,,"Central Intelligence","Central Intelligence",https://www.imdb.com/title/tt1489889/,Movie,6.3,107,2016,"Action, Comedy, Crime",237553,2016-06-17,"Rawson Marshall Thurber",,
92,tt1216496,2020-12-21,2020-12-21,,"Mother","Madeo",https://www.imdb.com/title/tt1216496/,Movie,7.7,129,2009,"Crime, Drama, Mystery, Thriller",80056,2009-05-28,"Bong Joon Ho",,
93,tt1286146,2020-12-21,2020-12-21,,"The Eagle Path","The Eagle Path",https://www.imdb.com/title/tt1286146/,Movie,7.3,108,2010,"Action, Crime, Drama, Romance, Thriller",2251,2023-07-01,"Jean-Claude Van Damme",,
94,tt10016180,2020-12-28,2020-12-28,,"The Little Things","The Little Things",https://www.imdb.com/title/tt10016180/,Movie,6.3,128,2021,"Crime, Drama, Mystery, Thriller",140954,2021-01-29,"John Lee Hancock",,
95,tt1070874,2021-03-01,2021-03-01,,"The Trial of the Chicago 7","The Trial of the Chicago 7",https://www.imdb.com/title/tt1070874/,Movie,7.7,129,2020,"Drama, History, Thriller",204757,2020-10-16,"Aaron Sorkin",,
96,tt8265928,2021-04-11,2021-04-11,,"Love at Second Sight","Mon inconnue",https://www.imdb.com/title/tt8265928/,Movie,6.9,117,2019,"Comedy, Drama, Fantasy, Romance",7127,2019-04-03,"Hugo Gélin",,
97,tt3581652,2021-05-03,2021-05-03,,"West Side Story","West Side Story",https://www.imdb.com/title/tt3581652/,Movie,7.1,156,2021,"Crime, Drama, Musical, Romance",122264,2021-12-10,"Steven Spielberg",,
98,tt9620292,2021-06-08,2021-06-08,,"Promising Young Woman","Promising Young Woman",https://www.imdb.com/title/tt9620292/,Movie,7.5,113,2020,"Crime, Drama, Mystery, Thriller",253547,2020-12-25,"Emerald Fennell",,
99,tt7014006,2021-06-08,2021-06-08,,"Eighth Grade","Eighth Grade",https://www.imdb.com/title/tt7014006/,Movie,7.3,93,2018,"Comedy, Drama",86598,2018-08-03,"Bo Burnham",,
100,tt10687506,2021-09-24,2021-09-24,,"The Electrical Life of Louis Wain","The Electrical Life of Louis Wain",https://www.imdb.com/title/tt10687506/,Movie,6.8,111,2021,"Biography, Drama, History",23692,2021-11-05,"Will Sharpe",,
101,tt8847712,2021-09-25,2021-09-25,,"The French Dispatch","The French Dispatch of the Liberty, Kansas Evening Sun",https://www.imdb.com/title/tt8847712/,Movie,7.1,107,2021,"Comedy, Drama, Romance",166946,2021-10-22,"Wes Anderson",,
102,tt0274558,2021-10-25,2021-10-25,,"The Hours","The Hours",https://www.imdb.com/title/tt0274558/,Movie,7.5,114,2002,"Drama, Romance",146751,2003-02-14,"Stephen Daldry",,
103,tt11947248,2021-11-14,2021-11-14,,"The Shrink Next Door","The Shrink Next Door",https://www.imdb.com/title/tt11947248/,TV Series,7.1,,2021,"Biography, Comedy, Drama",17385,2021-11-12,,,
104,tt2543312,2021-11-17,2021-11-17,,"Halt and Catch Fire","Halt and Catch Fire",https://www.imdb.com/title/tt2543312/,TV Series,8.4,60,2014,"Drama",38078,2014-06-01,,,
105,tt9362722,2021-12-05,2021-12-05,,"Spider-Man: Across the Spider-Verse","Spider-Man: Across the Spider-Verse",https://www.imdb.com/title/tt9362722/,Movie,8.5,140,2023,"Animation, Action, Adventure, Family, Fantasy, Sci-Fi",516178,2023-06-02,"Joaquim Dos Santos, Kemp Powers, Justin K. Thompson",,
106,tt13320622,2021-12-17,2021-12-17,,"The Lost City","The Lost City",https://www.imdb.com/title/tt13320622/,Movie,6.1,112,2022,"Action, Adventure, Comedy, Romance",175859,2022-03-25,"Aaron Nee, Adam Nee",,
107,tt10954984,2022-02-14,2022-02-14,,"Nope","Nope",https://www.imdb.com/title/tt10954984/,Movie,6.8,130,2022,"Horror, Mystery, Sci-Fi, Thriller",313901,2022-07-22,"Jordan Peele",,
108,tt0120770,2022-03-19,2022-03-19,,"A Night at the Roxbury","A Night at the Roxbury",https://www.imdb.com/title/tt0120770/,Movie,6.2,82,1998,"Comedy, Music, Romance",68868,1998-10-02,"John Fortenberry",,
109,tt1298649,2022-03-19,2022-03-19,,"The Watch","The Watch",https://www.imdb.com/title/tt1298649/,Movie,5.7,102,2012,"Comedy, Sci-Fi",137634,2012-07-27,"Akiva Schaffer",,
110,tt12593682,2022-06-08,2022-06-08,,"Bullet Train","Bullet Train",https://www.imdb.com/title/tt12593682/,Movie,7.3,127,2022,"Action, Comedy, Thriller",530621,2022-08-05,"David Leitch",,
111,tt10640346,2022-09-15,2022-09-15,,"Babylon","Babylon",https://www.imdb.com/title/tt10640346/,Movie,7.1,189,2022,"Comedy, Drama",205126,2022-12-23,"Damien Chazelle",,
112,tt10999120,2022-10-13,2022-10-13,,"Spirited","Spirited",https://www.imdb.com/title/tt10999120/,Movie,6.6,127,2022,"Comedy, Family, Fantasy, Musical",59447,2022-11-18,"Sean Anders",,
113,tt0817177,2023-01-08,2023-01-08,,"Flipped","Flipped",https://www.imdb.com/title/tt0817177/,Movie,7.7,90,2010,"Comedy, Drama, Romance",107754,2010-09-10,"Rob Reiner",,
114,tt1016150,2023-01-24,2023-01-24,,"All Quiet on the Western Front","Im Westen nichts Neues",https://www.imdb.com/title/tt1016150/,Movie,7.8,148,2022,"Drama, History, War",313520,2022-10-28,"Edward Berger",,
115,tt1630029,2023-01-24,2023-01-24,,"Avatar: The Way of Water","Avatar: The Way of Water",https://www.imdb.com/title/tt1630029/,Movie,7.5,192,2022,"Animation, Action, Adventure, Fantasy, Sci-Fi",606544,2022-12-16,"James Cameron",,
116,tt14444726,2023-01-25,2023-01-25,,"Tár","Tár",https://www.imdb.com/title/tt14444726/,Movie,7.4,158,2022,"Drama, Music",109139,2022-10-28,"Todd Field",,
117,tt4534598,2023-03-19,2023-03-19,,"Legend of Destruction","Legend of Destruction",https://www.imdb.com/title/tt4534598/,Movie,7.9,93,2021,"Animation",321,2024-06-04,"Gidi Dar",,
118,tt0119972,2023-04-12,2023-04-12,,"Quatre garçons pleins d'avenir","Quatre garçons pleins d'avenir",https://www.imdb.com/title/tt0119972/,Movie,6.1,90,1997,"Comedy",948,1997-08-06,"Jean-Paul Lilienfeld",,
119,tt11145118,2023-05-14,2023-05-14,,"Creed III","Creed III",https://www.imdb.com/title/tt11145118/,Movie,6.7,116,2023,"Action, Drama, Sport",106613,2023-03-03,"Michael B. Jordan",,
120,tt6987770,2023-05-20,2023-05-20,,"Destination Wedding","Destination Wedding",https://www.imdb.com/title/tt6987770/,Movie,6.0,87,2018,"Comedy, Drama, Romance",36444,2018-09-07,"Victor Levin",,
121,tt4873118,2023-05-26,2023-05-26,,"The Covenant","The Covenant",https://www.imdb.com/title/tt4873118/,Movie,7.5,123,2023,"Action, Drama, Thriller, War",207913,2023-04-21,"Guy Ritchie",,
122,tt0086197,2023-06-12,2023-06-12,,"The Right Stuff","The Right Stuff",https://www.imdb.com/title/tt0086197/,Movie,7.8,193,1983,"Adventure, Biography, Drama, History",68908,1984-02-17,"Philip Kaufman",,
123,tt1821549,2023-06-12,2023-06-12,,"Nebraska","Nebraska",https://www.imdb.com/title/tt1821549/,Movie,7.7,115,2013,"Drama",128354,2014-01-24,"Alexander Payne",,
124,tt0479884,2023-06-12,2023-06-12,,"Crank","Crank",https://www.imdb.com/title/tt0479884/,Movie,6.9,88,2006,"Action, Crime, Thriller",276792,2006-09-01,"Mark Neveldine, Brian Taylor",,
125,tt0070723,2023-06-12,2023-06-12,,"Soylent Green","Soylent Green",https://www.imdb.com/title/tt0070723/,Movie,7.0,97,1973,"Crime, Mystery, Sci-Fi, Thriller",75027,1973-05-09,"Richard Fleischer",,
126,tt0074812,2023-06-12,2023-06-12,,"Logan's Run","Logan's Run",https://www.imdb.com/title/tt0074812/,Movie,6.8,119,1976,"Action, Adventure, Sci-Fi",65341,1976-06-23,"Michael Anderson",,
127,tt0066769,2023-06-12,2023-06-12,,"The Andromeda Strain","The Andromeda Strain",https://www.imdb.com/title/tt0066769/,Movie,7.2,131,1971,"Mystery, Sci-Fi, Thriller",43895,1971-03-12,"Robert Wise",,
128,tt1379182,2023-06-12,2023-06-12,,"Dogtooth","Kynodontas",https://www.imdb.com/title/tt1379182/,Movie,7.1,97,2009,"Drama, Thriller",122544,2009-11-11,"Yorgos Lanthimos",,
129,tt1226774,2023-06-12,2023-06-12,,"In the Loop","In the Loop",https://www.imdb.com/title/tt1226774/,Movie,7.4,106,2009,"Comedy",64131,2009-09-04,"Armando Iannucci",,
130,tt0200276,2023-06-12,2023-06-12,,"The West Wing","The West Wing",https://www.imdb.com/title/tt0200276/,TV Series,8.9,42,1999,"Drama",98815,1999-09-22,,,
131,tt8503618,2023-06-18,2023-06-18,,"Hamilton","Hamilton",https://www.imdb.com/title/tt8503618/,Movie,8.3,160,2020,"Biography, Drama, History, Musical",138243,2020-07-03,"Thomas Kail",,
132,tt0087469,2023-07-01,2023-07-01,,"Indiana Jones and the Temple of Doom","Indiana Jones and the Temple of Doom",https://www.imdb.com/title/tt0087469/,Movie,7.5,118,1984,"Action, Adventure",566246,1984-05-23,"Steven Spielberg",,
133,tt0099785,2023-07-01,2023-07-01,,"Home Alone","Home Alone",https://www.imdb.com/title/tt0099785/,Movie,7.8,103,1990,"Comedy, Family",740982,1990-11-16,"Chris Columbus",,
134,tt14362262,2023-07-03,2023-07-03,,"The Boss","El Encargado",https://www.imdb.com/title/tt14362262/,TV Series,8.0,30,2022,"Comedy, Drama, Mystery, Thriller",7033,2022-10-26,,,
135,tt0078346,2023-07-06,2023-07-06,,"Superman","Superman",https://www.imdb.com/title/tt0078346/,Movie,7.4,143,1978,"Action, Adventure, Sci-Fi",207037,1978-12-15,"Richard Donner",,
136,tt7599146,2023-07-10,2023-07-10,,"Sound of Freedom","Sound of Freedom",https://www.imdb.com/title/tt7599146/,Movie,7.6,131,2023,"Biography, Crime, Drama, History, Thriller",136695,2023-07-04,"Alejandro Monteverde",,
137,tt0070643,2023-07-25,2023-07-25,,"Scarecrow","Scarecrow",https://www.imdb.com/title/tt0070643/,Movie,7.2,112,1973,"Drama",21923,1973-04-11,"Jerry Schatzberg",,
138,tt0120863,2023-07-25,2023-07-25,,"The Thin Red Line","The Thin Red Line",https://www.imdb.com/title/tt0120863/,Movie,7.6,170,1998,"Drama, History, War",212363,1999-01-15,"Terrence Malick",,
139,tt0056172,2023-07-25,2023-07-25,,"Lawrence of Arabia","Lawrence of Arabia",https://www.imdb.com/title/tt0056172/,Movie,8.3,227,1962,"Adventure, Biography, Drama, War",340811,1962-12-16,"David Lean",,
140,tt1800302,2023-07-30,2023-07-30,,"Gold","Gold",https://www.imdb.com/title/tt1800302/,Movie,6.7,120,2016,"Biography, Crime, Drama, Mystery",74042,2017-01-27,"Stephen Gaghan",,
141,tt0083946,2023-08-12,2023-08-12,,"Fitzcarraldo","Fitzcarraldo",https://www.imdb.com/title/tt0083946/,Movie,7.9,158,1982,"Adventure, Drama, Music",42674,1982-10-10,"Werner Herzog",,
142,tt14176542,2023-08-25,2023-08-25,,"Bardo: False Chronicle of a Handful of Truths","Bardo, falsa crónica de unas cuantas verdades",https://www.imdb.com/title/tt14176542/,Movie,6.7,159,2022,"Comedy, Drama",16424,2022-12-16,"Alejandro G. Iñárritu",,
143,tt5021208,2023-08-25,2023-08-25,,"Throwing Bombs in Baghdad","Hands of God",https://www.imdb.com/title/tt5021208/,Movie,7.2,75,2020,"Sport, War",27,2020-12-25,"Riccardo Romani",,
144,tt1164999,2023-09-04,2023-09-04,,"Biutiful","Biutiful",https://www.imdb.com/title/tt1164999/,Movie,7.4,148,2010,"Drama, Romance",97846,2011-02-04,"Alejandro G. Iñárritu",,
145,tt29474455,2023-11-09,2023-11-09,,"South Park: Joining the Panderverse","South Park: Joining the Panderverse",https://www.imdb.com/title/tt29474455/,TV Movie,7.8,48,2023,"Animation, Comedy, Fantasy",13782,2023-10-27,"Trey Parker",,
146,tt14849194,2023-11-10,2023-11-10,,"The Holdovers","The Holdovers",https://www.imdb.com/title/tt14849194/,Movie,7.9,133,2023,"Comedy, Drama",246031,2023-11-10,"Alexander Payne",,
147,tt14230458,2023-11-10,2023-11-10,,"Poor Things","Poor Things",https://www.imdb.com/title/tt14230458/,Movie,7.7,141,2023,"Comedy, Drama, Romance, Sci-Fi",389554,2023-12-22,"Yorgos Lanthimos",,
148,tt0058331,2023-12-03,2023-12-03,,"Mary Poppins","Mary Poppins",https://www.imdb.com/title/tt0058331/,Movie,7.8,139,1964,"Comedy, Family, Fantasy, Musical",198134,1965-06-18,"Robert Stevenson",,
149,tt21867434,2024-01-01,2024-01-01,,"BlackBerry","BlackBerry",https://www.imdb.com/title/tt21867434/,Movie,7.3,120,2023,"Biography, Comedy, Drama, History",68688,2023-11-13,"Matt Johnson",,
150,tt10128846,2024-05-16,2024-05-16,,"Megalopolis","Francis Ford Coppola's Megalopolis: A Fable",https://www.imdb.com/title/tt10128846/,Movie,4.7,138,2024,"Drama, Fantasy, Sci-Fi",41649,2024-09-27,"Francis Ford Coppola",,
151,tt15445056,2024-05-30,2024-05-30,,"Athena","Athena",https://www.imdb.com/title/tt15445056/,Movie,6.8,99,2022,"Action, Drama, Thriller",25433,2022-09-23,"Romain Gavras",,
152,tt1103275,2024-07-14,2024-07-14,,"Two Lovers","Two Lovers",https://www.imdb.com/title/tt1103275/,Movie,7.0,110,2008,"Drama, Romance",45732,2009-03-20,"James Gray",,
153,tt0106611,2024-07-17,2024-07-17,,"Cool Runnings","Cool Runnings",https://www.imdb.com/title/tt0106611/,Movie,7.0,98,1993,"Adventure, Comedy, Family, History, Sport",123130,1993-10-01,"Jon Turteltaub",,
154,tt0105417,2024-07-17,2024-07-17,,"Sister Act","Sister Act",https://www.imdb.com/title/tt0105417/,Movie,6.6,100,1992,"Comedy, Family, Music",117984,1992-05-29,"Emile Ardolino",,
155,tt26933824,2024-10-07,2024-10-07,,"Nobody Wants This","Nobody Wants This",https://www.imdb.com/title/tt26933824/,TV Series,7.7,30,2024,"Comedy, Drama, Romance",81863,2024-09-26,,,
156,tt0089218,2024-11-01,2024-11-01,,"The Goonies","The Goonies",https://www.imdb.com/title/tt0089218/,Movie,7.7,114,1985,"Adventure, Comedy, Family",325405,1985-06-07,"Richard Donner",,
157,tt1684562,2024-11-01,2024-11-01,,"The Fall Guy","The Fall Guy",https://www.imdb.com/title/tt1684562/,Movie,6.8,126,2024,"Action, Comedy, Drama, Romance",257014,2024-05-03,"David Leitch",,
158,tt12299608,2024-11-07,2024-11-07,,"Mickey 17","Mickey 17",https://www.imdb.com/title/tt12299608/,Movie,6.7,137,2025,"Adventure, Comedy, Fantasy, Sci-Fi",240276,2025-03-07,"Bong Joon Ho",,
159,tt9603208,2024-11-13,2024-11-13,,"Mission: Impossible - The Final Reckoning","Mission: Impossible - The Final Reckoning",https://www.imdb.com/title/tt9603208/,Movie,7.1,169,2025,"Action, Adventure, Thriller",223441,2025-05-23,"Christopher McQuarrie",,
160,tt13622970,2024-11-13,2024-11-13,,"Moana 2","Moana 2",https://www.imdb.com/title/tt13622970/,Movie,6.3,100,2024,"Animation, Adventure, Comedy, Family, Fantasy, Musical",124147,2024-11-27,"David G. Derrick Jr., Jason Hand, Dana Ledoux Miller",,
161,tt28607951,2024-11-16,2024-11-16,,"Anora","Anora",https://www.imdb.com/title/tt28607951/,Movie,7.4,139,2024,"Comedy, Drama, Romance",268545,2024-11-08,"Sean Baker",,
162,tt20215234,2024-11-16,2024-11-16,,"Conclave","Conclave",https://www.imdb.com/title/tt20215234/,Movie,7.4,120,2024,"Drama, Thriller",256247,2024-10-25,"Edward Berger",,
163,tt23736044,2024-11-16,2024-11-16,,"Monster","Kaibutsu",https://www.imdb.com/title/tt23736044/,Movie,7.8,127,2023,"Drama, Mystery, Thriller",40826,2023-11-22,"Hirokazu Koreeda",,
164,tt13429870,2024-11-16,2024-11-16,,"Robot Dreams","Robot Dreams",https://www.imdb.com/title/tt13429870/,Movie,7.6,103,2023,"Animation, Comedy, Drama, Family",24469,2024-06-07,"Pablo Berger",,
165,tt17526714,2024-11-16,2024-11-16,,"The Substance","The Substance",https://www.imdb.com/title/tt17526714/,Movie,7.2,141,2024,"Drama, Horror, Sci-Fi",413016,2024-09-20,"Coralie Fargeat",,
166,tt0087538,2024-11-24,2024-11-24,,"The Karate Kid","The Karate Kid",https://www.imdb.com/title/tt0087538/,Movie,7.3,126,1984,"Action, Drama, Family, Sport",270118,1984-06-22,"John G. Avildsen",,
167,tt0319343,2024-11-24,2024-11-24,,"Elf","Elf",https://www.imdb.com/title/tt0319343/,Movie,7.1,97,2003,"Adventure, Comedy, Family, Fantasy, Romance",345969,2003-11-07,"Jon Favreau",,
168,tt31392609,2024-12-12,2024-12-12,,"How to Make Millions Before Grandma Dies","Lahn Mah",https://www.imdb.com/title/tt31392609/,Movie,7.9,125,2024,"Comedy, Drama, Family",21656,2024-09-13,"Pat Boonnitipat",,
169,tt23055660,2024-12-14,2024-12-14,,"Nickel Boys","Nickel Boys",https://www.imdb.com/title/tt23055660/,Movie,6.9,140,2024,"Drama",24037,2025-02-28,"RaMell Ross",,
170,tt6166392,2024-12-15,2024-12-15,,"Wonka","Wonka",https://www.imdb.com/title/tt6166392/,Movie,6.9,116,2023,"Adventure, Comedy, Family, Fantasy, Musical",192143,2023-12-15,"Paul King",,
171,tt0367594,2024-12-15,2024-12-15,,"Charlie and the Chocolate Factory","Charlie and the Chocolate Factory",https://www.imdb.com/title/tt0367594/,Movie,6.7,115,2005,"Adventure, Comedy, Family, Fantasy, Musical",569234,2005-07-15,"Tim Burton",,
172,tt0067992,2024-12-15,2024-12-15,,"Willy Wonka & the Chocolate Factory","Willy Wonka & the Chocolate Factory",https://www.imdb.com/title/tt0067992/,Movie,7.8,100,1971,"Adventure, Comedy, Family, Fantasy, Musical",244275,1971-06-30,"Mel Stuart",,
173,tt13354972,2024-12-25,2024-12-25,,"Interior Chinatown","Interior Chinatown",https://www.imdb.com/title/tt13354972/,TV Mini Series,7.0,45,2024,"Comedy, Crime, Drama",5731,2024-11-19,,,
174,tt30321133,2024-12-25,2024-12-25,,"Will & Harper","Will & Harper",https://www.imdb.com/title/tt30321133/,Movie,7.4,114,2024,"Documentary",13711,2024-09-27,"Josh Greenbaum",,
175,tt14260836,2025-01-05,2025-01-05,,"Better Man","Better Man",https://www.imdb.com/title/tt14260836/,Movie,7.5,135,2024,"Biography, Fantasy, Music, Musical",44824,2025-01-10,"Michael Gracey",,
176,tt0119395,2025-01-07,2025-01-07,,"The Jackal","The Jackal",https://www.imdb.com/title/tt0119395/,Movie,6.4,124,1997,"Action, Crime, Drama, Thriller",131778,1997-11-14,"Michael Caton-Jones",,
177,tt17279496,2025-01-31,2025-01-31,,"Civil War","Civil War",https://www.imdb.com/title/tt17279496/,Movie,7.0,109,2024,"Action, Thriller, War",265989,2024-04-12,"Alex Garland",,
178,tt0103939,2025-02-08,2025-02-08,,"Chaplin","Chaplin",https://www.imdb.com/title/tt0103939/,Movie,7.5,143,1992,"Biography, Comedy, Drama",65414,1993-01-08,"Richard Attenborough",,
179,tt12676326,2025-02-10,2025-02-10,,"Malcolm & Marie","Malcolm & Marie",https://www.imdb.com/title/tt12676326/,Movie,6.6,106,2021,"Drama, Romance",43339,2021-02-05,"Sam Levinson",,
180,tt0095497,2025-02-10,2025-02-10,,"The Last Temptation of Christ","The Last Temptation of Christ",https://www.imdb.com/title/tt0095497/,Movie,7.5,164,1988,"Drama",67670,1988-08-12,"Martin Scorsese",,
181,tt0071360,2025-02-18,2025-02-18,,"The Conversation","The Conversation",https://www.imdb.com/title/tt0071360/,Movie,7.7,113,1974,"Drama, Mystery, Thriller",136363,1974-04-12,"Francis Ford Coppola",,
182,tt0062136,2025-02-18,2025-02-18,,"Playtime","Playtime",https://www.imdb.com/title/tt0062136/,Movie,7.8,155,1967,"Comedy",29274,1973-06-27,"Jacques Tati",,
183,tt4772188,2025-03-03,2025-03-03,,"Flow","Straume",https://www.imdb.com/title/tt4772188/,Movie,7.8,85,2024,"Animation, Adventure, Family, Fantasy",125111,2025-02-14,"Gints Zilbalodis",,
184,tt14961016,2025-03-09,2025-03-09,,"I'm Still Here","Ainda Estou Aqui",https://www.imdb.com/title/tt14961016/,Movie,8.1,137,2024,"Biography, Drama, History",146404,2025-02-07,"Walter Salles",,
185,tt34956443,2025-03-09,2025-03-09,,"Ne Zha 2","Nezha: Mo tong nao hai",https://www.imdb.com/title/tt34956443/,Movie,7.9,144,2025,"Animation, Action, Adventure, Comedy, Drama, Fantasy",23734,2025-01-29,"Yu Yang",,
186,tt34686029,2025-03-19,2025-03-19,,"Bill Burr: Drop Dead Years","Bill Burr: Drop Dead Years",https://www.imdb.com/title/tt34686029/,TV Special,7.3,69,2025,"Documentary, Comedy",3860,2025-03-14,"Ben Tishler",,
187,tt29879921,2025-03-22,2025-03-22,,"Tune Out the Noise","Tune Out the Noise",https://www.imdb.com/title/tt29879921/,Movie,7.3,86,2023,"Documentary",95,2023-10-21,"Errol Morris",,
188,tt0186151,2025-03-23,2025-03-23,,"Frequency","Frequency",https://www.imdb.com/title/tt0186151/,Movie,7.4,118,2000,"Crime, Drama, Mystery, Sci-Fi, Thriller",123077,2000-04-28,"Gregory Hoblit",,
189,tt3402138,2025-04-06,2025-04-06,,"The Naked Gun","The Naked Gun",https://www.imdb.com/title/tt3402138/,Movie,6.3,85,2025,"Action, Comedy, Crime",122163,2025-08-01,"Akiva Schaffer",,
190,tt11655566,2025-04-06,2025-04-06,,"Lilo & Stitch","Lilo & Stitch",https://www.imdb.com/title/tt11655566/,Movie,6.7,108,2025,"Action, Adventure, Comedy, Drama, Family, Fantasy, Sci-Fi",93012,2025-05-23,"Dean Fleischer Camp",,
191,tt0275847,2025-04-06,2025-04-06,,"Lilo & Stitch","Lilo & Stitch",https://www.imdb.com/title/tt0275847/,Movie,7.4,85,2002,"Animation, Adventure, Comedy, Drama, Family, Sci-Fi",242723,2002-06-21,"Dean DeBlois, Chris Sanders",,
192,tt0216787,2025-04-08,2025-04-08,,"The Taste of Others","Le goût des autres",https://www.imdb.com/title/tt0216787/,Movie,7.2,112,2000,"Comedy, Drama, Romance",11149,2000-03-01,"Agnès Jaoui",,
193,tt1817273,2025-04-08,2025-04-08,,"The Place Beyond the Pines","The Place Beyond the Pines",https://www.imdb.com/title/tt1817273/,Movie,7.3,140,2012,"Crime, Drama, Thriller",308064,2013-04-19,"Derek Cianfrance",,
194,tt0079820,2025-04-08,2025-04-08,,"The King and the Mockingbird","Le roi et l'oiseau",https://www.imdb.com/title/tt0079820/,Movie,7.7,83,1980,"Animation, Family, Fantasy, Romance",6045,1980-03-19,"Paul Grimault",,
195,tt0181627,2025-04-08,2025-04-08,,"Kirikou and the Sorceress","Kirikou et la sorcière",https://www.imdb.com/title/tt0181627/,Movie,7.5,71,1998,"Animation, Adventure, Family, Fantasy",12039,2000-10-27,"Michel Ocelot, Raymond Burlet",,
196,tt1259528,2025-06-03,2025-06-03,,"Den of Thieves","Den of Thieves",https://www.imdb.com/title/tt1259528/,Movie,7.0,140,2018,"Action, Crime, Drama, Thriller",152676,2018-01-19,"Christian Gudegast",,
197,tt2140479,2025-06-10,2025-06-10,,"The Accountant","The Accountant",https://www.imdb.com/title/tt2140479/,Movie,7.3,128,2016,"Action, Crime, Drama, Thriller",394057,2016-10-14,"Gavin O'Connor",,
198,tt27403986,2025-06-10,2025-06-10,,"Juror #2","Juror #2",https://www.imdb.com/title/tt27403986/,Movie,7.0,114,2024,"Crime, Drama, Mystery, Thriller",123593,2024-12-20,"Clint Eastwood",,
199,tt29927144,2025-06-12,2025-06-12,,"Once Upon My Mother","Ma mère, Dieu et Sylvie Vartan",https://www.imdb.com/title/tt29927144/,Movie,7.0,102,2025,"Drama",1777,2025-03-19,"Ken Scott",,
200,tt33984333,2025-06-13,2025-06-13,,"How to Make a Killing","Un ours dans le Jura",https://www.imdb.com/title/tt33984333/,Movie,6.5,109,2024,"Comedy, Crime, Thriller",3256,2025-01-01,"Franck Dubosc",,
201,tt0032138,2025-06-15,2025-06-15,,"The Wizard of Oz","The Wizard of Oz",https://www.imdb.com/title/tt0032138/,Movie,8.1,102,1939,"Adventure, Family, Fantasy, Musical",466009,1939-08-25,"Victor Fleming, George Cukor, Norman Taurog, Richard Thorpe, King Vidor",,
202,tt0099938,2025-06-24,2025-06-24,,"Kindergarten Cop","Kindergarten Cop",https://www.imdb.com/title/tt0099938/,Movie,6.3,111,1990,"Action, Comedy, Crime",174715,1990-12-21,"Ivan Reitman",7,2019-12-26
203,tt12758060,2025-06-29,2025-06-29,,"Tetris","Tetris",https://www.imdb.com/title/tt12758060/,Movie,7.4,118,2023,"Biography, Drama, History, Thriller",106127,2023-03-31,"Jon S. Baird",,
204,tt30840798,2025-07-04,2025-07-04,,"The Phoenician Scheme","The Phoenician Scheme",https://www.imdb.com/title/tt30840798/,Movie,6.6,101,2025,"Action, Comedy, Crime, Drama, Thriller",66486,2025-06-06,"Wes Anderson",,
205,tt0265666,2025-07-13,2025-07-13,,"The Royal Tenenbaums","The Royal Tenenbaums",https://www.imdb.com/title/tt0265666/,Movie,7.6,110,2001,"Comedy, Drama",333611,2002-01-04,"Wes Anderson",7,2019-12-26
206,tt14364480,2025-09-08,2025-09-08,,"Wake Up Dead Man","Wake Up Dead Man",https://www.imdb.com/title/tt14364480/,Movie,7.3,144,2025,"Comedy, Crime, Drama, Mystery, Thriller",225332,2025-12-12,"Rian Johnson",,
207,tt0089374,2025-10-12,2025-10-12,,"Police Story","Ging chaat goo si",https://www.imdb.com/title/tt0089374/,Movie,7.5,100,1985,"Action, Comedy, Crime, Thriller",47205,1985-12-14,"Jackie Chan",,
208,tt36815554,2025-10-12,2025-10-12,,"Lethal Weapon 4: Pure Lethal","Lethal Weapon 4: Pure Lethal",https://www.imdb.com/title/tt36815554/,Video,7.5,30,1998,"Short",6,1998-12-15,,,
209,tt0851578,2025-11-01,2025-11-01,,"Paprika","Papurika",https://www.imdb.com/title/tt0851578/,Movie,7.7,90,2006,"Animation, Drama, Fantasy, Mystery, Sci-Fi, Thriller",111585,2007-06-22,"Satoshi Kon",,
210,tt33764258,2025-11-15,2025-11-15,,"The Odyssey","The Odyssey",https://www.imdb.com/title/tt33764258/,Movie,,,2026,"Action, Adventure, Fantasy, History",0,2026-07-17,"Christopher Nolan",,
211,tt19850008,2025-11-15,2025-11-15,,"The Batman: Part II","The Batman Part II",https://www.imdb.com/title/tt19850008/,Movie,,,2027,"Action, Crime, Drama, Mystery",0,2027-10-01,"Matt Reeves",,
212,tt28069611,2025-11-15,2025-11-15,,"Star Wars: Starfighter","Star Wars: Starfighter",https://www.imdb.com/title/tt28069611/,Movie,,,2027,"Action, Adventure, Fantasy, Sci-Fi",0,2027-05-28,"Shawn Levy",,
213,tt28083456,2025-11-23,2025-11-23,,"Is This Thing On?","Is This Thing On?",https://www.imdb.com/title/tt28083456/,Movie,6.7,121,2025,"Comedy, Drama",11296,2025-12-19,"Bradley Cooper",,
214,tt27714581,2025-11-23,2025-11-23,,"Sentimental Value","Affeksjonsverdi",https://www.imdb.com/title/tt27714581/,Movie,7.8,133,2025,"Drama",67670,2025-08-20,"Joachim Trier",,
215,tt31193180,2025-11-23,2025-11-23,,"Sinners","Sinners",https://www.imdb.com/title/tt31193180/,Movie,7.5,137,2025,"Action, Drama, Horror, Music, Thriller",449856,2025-04-18,"Ryan Coogler",,
216,tt31411349,2025-11-24,2025-11-24,,"Colours of Time","La venue de l'avenir",https://www.imdb.com/title/tt31411349/,Movie,7.2,124,2025,"Comedy, Drama, Romance",3580,2025-05-22,"Cédric Klapisch",,
217,tt1527793,2025-12-22,2025-12-22,,"No Other Choice","Eojjeolsuga eobsda",https://www.imdb.com/title/tt1527793/,Movie,7.6,139,2025,"Comedy, Crime, Drama, Thriller",53846,2026-01-16,"Park Chan-wook",,
218,tt31450459,2025-12-22,2025-12-22,,"Digger","Digger",https://www.imdb.com/title/tt31450459/,Movie,,106,2026,"Comedy, Drama",0,2026-10-02,"Alejandro G. Iñárritu",,
219,tt15678738,2026-01-04,2026-01-04,,"David","David",https://www.imdb.com/title/tt15678738/,Movie,6.9,115,2025,"Animation, Adventure, Drama, Family, Musical",5174,2025-12-19,"Phil Cunningham, Brent Dawes",,
220,tt4627382,2026-01-10,2026-01-10,,"Roofman","Roofman",https://www.imdb.com/title/tt4627382/,Movie,6.9,126,2025,"Biography, Crime, Drama, History, Romance",67007,2025-10-10,"Derek Cianfrance",,
221,tt14905854,2026-01-12,2026-01-12,,"Hamnet","Hamnet",https://www.imdb.com/title/tt14905854/,Movie,7.9,125,2025,"Biography, Drama, History, Romance",97819,2025-12-05,"Chloé Zhao",,
222,tt1312221,2026-01-12,2026-01-12,,"Frankenstein","Frankenstein",https://www.imdb.com/title/tt1312221/,Movie,7.4,149,2025,"Drama, Fantasy, Horror, Sci-Fi",296919,2025-11-07,"Guillermo del Toro",,
223,tt12300742,2026-01-12,2026-01-12,,"Bugonia","Bugonia",https://www.imdb.com/title/tt12300742/,Movie,7.4,118,2025,"Comedy, Crime, Sci-Fi, Thriller",169953,2025-10-31,"Yorgos Lanthimos",,
224,tt36491653,2026-03-16,2026-03-16,,"It Was Just an Accident","Yek tasadof-e sadeh",https://www.imdb.com/title/tt36491653/,Movie,7.5,103,2025,"Crime, Drama, Mystery, Thriller",31071,2025-10-15,"Jafar Panahi",,
225,tt29768334,2026-03-16,2026-03-16,,"Train Dreams","Train Dreams",https://www.imdb.com/title/tt29768334/,Movie,7.5,102,2025,"Drama",97405,2025-11-21,"Clint Bentley",,
226,tt34965515,2026-03-16,2026-03-16,,"Mr. Nobody Against Putin","Mr. Nobody Against Putin",https://www.imdb.com/title/tt34965515/,Movie,7.5,90,2025,"Documentary",8186,2025-03-22,"David Borenstein, Pavel Talankin",,
227,tt0094898,2026-03-19,2026-03-19,,"Coming to America","Coming to America",https://www.imdb.com/title/tt0094898/,Movie,7.1,117,1988,"Comedy, Romance",239335,1988-06-29,"John Landis",,
228,tt0096913,2026-03-26,2026-03-26,,"Best of the Best","Best of the Best",https://www.imdb.com/title/tt0096913/,Movie,6.4,97,1989,"Action, Drama, Sport",16698,1989-11-10,"Robert Radler",,
229,tt1540133,2026-03-28,2026-03-28,,"The Guard","The Guard",https://www.imdb.com/title/tt1540133/,Movie,7.3,96,2011,"Comedy, Crime, Thriller",101261,2011-07-07,"John Michael McDonagh",,
230,tt1588170,2026-03-28,2026-03-28,,"I Saw the Devil","Angmareul boatda",https://www.imdb.com/title/tt1588170/,Movie,7.8,144,2010,"Action, Thriller",164474,2010-08-12,"Kim Jee-woon",,
231,tt0456912,2026-03-28,2026-03-28,,"A Bittersweet Life","Dalkomhan insaeng",https://www.imdb.com/title/tt0456912/,Movie,7.5,119,2005,"Action, Crime, Drama, Thriller",47011,2005-04-01,"Kim Jee-woon",,
232,tt13238346,2026-03-28,2026-03-28,,"Past Lives","Past Lives",https://www.imdb.com/title/tt13238346/,Movie,7.8,105,2023,"Drama, Romance",170964,2023-06-23,"Celine Song",,
